{"cameraMode":{"drawMode":0,"name":"Shaded","section":"Shading Mode"},"sceneLighting":true,"audioPlay":false,"sceneViewState":{"m_AlwaysRefresh":false,"showFog":true,"showSkybox":true,"showFlares":true,"showImageEffects":true,"showParticleSystems":true,"showVisualEffectGraphs":true,"m_FxEnabled":true},"in2DMode":false,"pivot":{"x":-65.46533966064453,"y":3.9263134002685549,"z":-2.7848470211029054},"rotation":{"x":0.02655096910893917,"y":-0.9612122774124146,"z":0.25732433795928957,"w":0.09786461293697357},"size":0.5391904711723328,"orthographic":false}