{"cameraMode":{"drawMode":0,"name":"Shaded","section":"Shading Mode"},"sceneLighting":false,"audioPlay":false,"sceneViewState":{"m_AlwaysRefresh":false,"showFog":true,"showSkybox":false,"showFlares":true,"showImageEffects":true,"showParticleSystems":true,"showVisualEffectGraphs":true,"m_FxEnabled":true},"in2DMode":false,"pivot":{"x":-9.646100044250489,"y":1.8200000524520875,"z":-0.004000067710876465},"rotation":{"x":0.23375162482261659,"y":-0.48883020877838137,"z":0.1378268599510193,"w":0.8290750980377197},"size":0.5372741222381592,"orthographic":false}